Company Name,Company URL,Phone Number,Company Email
Unknown,Not Found,Not Found
Unknown,Not Found,Not Found
Unknown,Not Found,Not Found
Unknown,Not Found,Not Found
Unknown,Not Found,Not Found
Unknown,Not Found,Not Found
Unknown,Not Found,Not Found
Unknown,Not Found,Not Found
Unknown,Not Found,Not Found
Unknown,Not Found,Not Found
Unknown,Not Found,Not Found
Unknown,Not Found,Not Found
Unknown,Not Found,Not Found
Unknown,Not Found,Not Found
Unknown,Not Found,Not Found
Unknown,Not Found,Not Found
Unknown,Not Found,Not Found
Unknown,Not Found,Not Found